{"cameraMode":{"drawMode":0,"name":"Shaded","section":"Shading Mode"},"sceneLighting":true,"audioPlay":false,"sceneViewState":{"showFog":false,"showMaterialUpdate":false,"showSkybox":false,"showFlares":false,"showImageEffects":false,"showParticleSystems":false},"in2DMode":false,"pivot":{"x":0.3386647701263428,"y":13.114694595336914,"z":-20.079917907714845},"rotation":{"x":0.4295617341995239,"y":-0.032512471079826358,"z":0.015452546067535878,"w":0.9023334980010986},"size":33.3352165222168,"orthographic":false}